claim_id,topic,claim_value,unit,attributed_to,source_ids,tier,note
CL01,Ottoman land army size (contemporary chronicle figure),200000,men,George Sphrantzes (Chronicon Minus),S03,"Tier 1 (primary, but rhetorical figure)","Sphrantzes gives 200,000 men on the land side plus 400 vessels; near-eyewitness but the round number is treated by modern historians as inflated / rhetorical rather than a precise count."
CL02,Ottoman land army size (modern historians' range - low end synthesis),60000,men,World History Encyclopedia summarizing modern historians,S12,Tier 3 (popular synthesis of scholarly consensus),"Stated as the low end of a 'more realistic' 60,000-80,000 modern range, contrasted explicitly with the Sphrantzes figure."
CL03,Ottoman land army size (modern historians' range - high end synthesis),80000,men,World History Encyclopedia summarizing modern historians,S12,Tier 3,"High end of the same 60,000-80,000 modern range."
CL04,Ottoman land army size,120000,men,EBSCO Research Starters (body text),S13,Tier 3,"Body text of the EBSCO entry gives approximately 120,000; the same page's infobox gives 160,000 for the same campaign - an internal inconsistency documented, not resolved, here."
CL05,"Ottoman land army size (infobox figure, same article as CL04)",160000,men,EBSCO Research Starters (infobox),S13,Tier 3,Infobox figure conflicts with the body text of the same article (see CL04).
CL06,Ottoman land army size,90000,men,War History Online,S14,Tier 3,"Popular narrative history; composition given as about 70,000 regulars plus 20,000 irregulars (90,000 total), a figure between the World History Encyclopedia range and the EBSCO figures."
CL07,"Ottoman land army size (Ottoman archival data, unverified attribution)",50000-80000,men,"Saint Andrew Greek Orthodox Church blog, attributing to unspecified 'recent studies and Ottoman archival data'",S26,Tier 3 (attribution not independently traceable),Cited only to show the range is echoed outside academic publishing; the specific archival attribution could not be verified in this project.
CL08,"Byzantine/allied defenders (garrison, near-eyewitness census)",4973,men,"George Sphrantzes (4,773 Greeks + about 200 foreigners, as translated on De Re Militari)",S03,"Tier 1 (primary, near-eyewitness)","This is the De Re Militari translation's wording. A different wording of the same tradition (4,983 Greeks + just under 2,000 foreigners) circulates in later and secondary retellings; see CL09. Sphrantzes says the emperor asked him to keep the true number secret."
CL09,Byzantine/allied defenders (variant wording of the Sphrantzes tradition),6983,men,"Popular retellings (e.g. a devotional blog quoting 'the Chronicle') citing 4,983 Greeks and just under 2,000 foreigners",S43,"Tier 3 (secondary paraphrase; also associated with the later Pseudo-Sphrantzes / Chronicon Maius tradition, which BMCR (S42) identifies as a 16th-century text once misattributed to Sphrantzes)","Kept separate from CL08 because the underlying figures differ (4,983 vs 4,773 Greeks; ~2,000 vs ~200 foreigners) and because of the Pseudo-Sphrantzes attribution risk documented in S42."
CL10,Byzantine/allied defenders (rounded modern figure),5000,men,"World History Encyclopedia ('fewer than 5,000')",S12,Tier 3,Rounds the Sphrantzes-tradition figure down as an upper bound ('fewer than').
CL11,Byzantine/allied defenders (body text figure),7000,men,"EBSCO Research Starters (body text: 'about 7,000')",S13,Tier 3,"Body text gives about 7,000; see CL12 for the same page's conflicting infobox figure."
CL12,"Byzantine/allied defenders (infobox figure, same article as CL11)",8000,men,EBSCO Research Starters (infobox),S13,Tier 3,"Infobox figure for the same campaign as CL11, again internally inconsistent within the same article."
CL13,Total land-wall circuit length,19,km,World History Encyclopedia,S12,Tier 3,"Stated as the combined length of the city's walls that the defenders could not adequately cover; presented as a round figure, not a survey measurement."
CL14,Theodosian (main triple) land-wall length,5700,m,The Byzantine Legacy (thebyzantinelegacy.com),S10,Tier 3,5.7 km figure for the main Theodosian triple-wall line specifically (narrower scope than CL13's full-circuit figure).
CL15,"Theodosian land-wall length (broader scope, includes Blachernae extension)",6670,m,Frommer's travel guide,S23,Tier 3,"Likely includes the northern single-wall Blachernae extension in addition to the main triple line, which would explain the gap with CL14."
CL16,Theodosian land-wall length (independent popular figure),5700,m,Nomadic Niko (travel blog),S24,Tier 3,"Matches CL14's 5.7 km figure via an independent popular source, offering weak corroboration."
CL17,Ottoman ships transferred overland into the Golden Horn,70,vessels,World History Encyclopedia and Oxford Dictionary of Byzantium (approximate figure in both),S12;S02,Tier 1/3 (corroborated across a scholarly reference and a popular synthesis),"The two sources independently converge on approximately 70 ships, which raises confidence in this specific figure relative to the Sphrantzes total fleet figure (CL18)."
CL18,"Ottoman total fleet size (sea side, contemporary chronicle figure)",400,vessels,George Sphrantzes,S03,"Tier 1 (primary, rhetorical figure)","Sphrantzes's total for 'small and large vessels' on the sea side; treated with the same caution as his 200,000-man land figure (CL01)."
CL19,Byzantine/allied naval strength,26,ships,World History Encyclopedia,S12,Tier 3,Most reportedly belonging to Italian colonists of the city rather than to Byzantine forces proper.
CL20,Siege duration,53,days,Multiple sources converge on 6 April to 29 May 1453 inclusive,S02;S39,Tier 1/3,Most common figure when counting from the conventional 6 April opening-bombardment date to the 29 May fall.
CL21,Siege duration (alternate count),55,days,Encyclopaedia Britannica summary framing,S01,Tier 2,"Longer count likely reflects a different start date (e.g. the 2 April arrival of the main army, per C12) rather than a factual disagreement about when the city fell."
CL22,Largest Ottoman cannon - barrel length,7.3-9,m,TheCollector gives 7.3 m; World History Encyclopedia gives 9 m,S25;S12,Tier 3,Two popular/synthesis sources disagree by roughly 1.7 m on the same gun; neither gives a traceable primary citation in the text reviewed.
CL23,Largest Ottoman cannon - shot weight,500-550,kg,World History Encyclopedia gives 500 kg; TheCollector gives 550 kg,S12;S25,Tier 3,Close but not identical figures; kept as a range rather than resolved to one number.
CL24,Rumelihisari construction duration,4 to 4.5,months,Archnet/Limen Project give 'four months' or '15 April-31 August' (about 4.5 months); Castles.nl gives 'record time of 4.5 months',S17;S41,Tier 2/3,"Minor variation likely reflects whether the count starts from the order to build or from ground-breaking; both cluster tightly around 4-4.5 months, unlike the wider disagreements above."
